CREATE DATABASE  IF NOT EXISTS `dss_tennis_tournament_tables` /*!40100 DEFAULT CHARACTER SET utf8 */;
USE `dss_tennis_tournament_tables`;
-- MySQL dump 10.13  Distrib 8.0.15, for Win64 (x86_64)
--
-- Host: 127.0.0.1    Database: dss_tennis_tournament_tables
-- ------------------------------------------------------
-- Server version	8.0.15

/*!40101 SET @OLD_CHARACTER_SET_CLIENT=@@CHARACTER_SET_CLIENT */;
/*!40101 SET @OLD_CHARACTER_SET_RESULTS=@@CHARACTER_SET_RESULTS */;
/*!40101 SET @OLD_COLLATION_CONNECTION=@@COLLATION_CONNECTION */;
 SET NAMES utf8 ;
/*!40103 SET @OLD_TIME_ZONE=@@TIME_ZONE */;
/*!40103 SET TIME_ZONE='+00:00' */;
/*!40014 SET @OLD_UNIQUE_CHECKS=@@UNIQUE_CHECKS, UNIQUE_CHECKS=0 */;
/*!40014 SET @OLD_FOREIGN_KEY_CHECKS=@@FOREIGN_KEY_CHECKS, FOREIGN_KEY_CHECKS=0 */;
/*!40101 SET @OLD_SQL_MODE=@@SQL_MODE, SQL_MODE='NO_AUTO_VALUE_ON_ZERO' */;
/*!40111 SET @OLD_SQL_NOTES=@@SQL_NOTES, SQL_NOTES=0 */;

--
-- Table structure for table `contest`
--

DROP TABLE IF EXISTS `contest`;
/*!40101 SET @saved_cs_client     = @@character_set_client */;
 SET character_set_client = utf8mb4 ;
CREATE TABLE `contest` (
  `id` int(11) NOT NULL AUTO_INCREMENT,
  `winner_id` int(11) DEFAULT NULL,
  `tech_defeat` tinyint(4) NOT NULL DEFAULT '0',
  `date` date DEFAULT NULL,
  `tournament_id` int(11) NOT NULL,
  `participant_one_score_id` int(11) NOT NULL,
  `participant_two_score_id` int(11) NOT NULL,
  PRIMARY KEY (`id`,`tournament_id`,`participant_one_score_id`,`participant_two_score_id`),
  KEY `fk_contest_tournament1_idx` (`tournament_id`),
  KEY `fk_contest_score1_idx1` (`participant_one_score_id`),
  KEY `fk_contest_score2_idx1` (`participant_two_score_id`),
  CONSTRAINT `fk_contest_score1` FOREIGN KEY (`participant_one_score_id`) REFERENCES `score` (`id`),
  CONSTRAINT `fk_contest_score2` FOREIGN KEY (`participant_two_score_id`) REFERENCES `score` (`id`),
  CONSTRAINT `fk_contest_tournament1` FOREIGN KEY (`tournament_id`) REFERENCES `tournament` (`id`)
) ENGINE=InnoDB AUTO_INCREMENT=150 DEFAULT CHARSET=utf8 COLLATE=utf8_unicode_ci;
/*!40101 SET character_set_client = @saved_cs_client */;

--
-- Dumping data for table `contest`
--

LOCK TABLES `contest` WRITE;
/*!40000 ALTER TABLE `contest` DISABLE KEYS */;
INSERT INTO `contest` VALUES (1,NULL,1,NULL,1,1,2),(4,4,1,NULL,1,7,8),(5,4,0,NULL,1,9,10),(7,5,1,NULL,2,13,14),(8,NULL,0,NULL,2,15,16),(9,NULL,0,NULL,2,17,18),(10,NULL,0,NULL,2,19,20),(11,NULL,0,NULL,2,21,22),(12,NULL,0,NULL,2,23,24),(13,10,1,NULL,3,25,26),(16,12,1,NULL,3,31,32),(17,NULL,0,NULL,3,33,34),(19,13,1,NULL,4,37,38),(20,15,1,NULL,4,39,40),(21,14,0,NULL,4,41,42),(22,16,1,NULL,4,43,44),(23,16,0,NULL,4,45,46),(24,NULL,0,NULL,4,47,48),(25,NULL,1,NULL,5,49,50),(26,19,1,NULL,5,51,52),(27,18,0,NULL,5,53,54),(28,20,1,NULL,5,55,56),(29,20,0,NULL,5,57,58),(30,NULL,0,NULL,5,59,60),(31,NULL,1,NULL,6,61,62),(32,23,1,NULL,6,63,64),(33,22,0,NULL,6,65,66),(34,24,1,NULL,6,67,68),(35,24,0,NULL,6,69,70),(36,NULL,0,NULL,6,71,72),(37,NULL,1,NULL,7,73,74),(38,27,1,NULL,7,75,76),(39,26,0,NULL,7,77,78),(40,28,1,NULL,7,79,80),(41,28,0,NULL,7,81,82),(42,NULL,0,NULL,7,83,84),(43,NULL,1,NULL,8,85,86),(46,32,1,NULL,8,91,92),(47,32,0,NULL,8,93,94),(51,NULL,1,NULL,9,101,102),(54,36,1,NULL,9,107,108),(55,36,0,NULL,9,109,110),(57,NULL,0,NULL,10,113,114),(58,NULL,1,NULL,10,115,116),(59,2,1,NULL,10,117,118),(63,NULL,0,NULL,11,125,126),(64,NULL,1,NULL,11,127,128),(65,6,1,NULL,11,129,130),(81,NULL,0,NULL,13,161,162),(82,NULL,0,NULL,13,163,164),(83,NULL,0,NULL,13,165,166),(84,NULL,0,NULL,14,167,168),(85,NULL,0,NULL,14,169,170),(86,NULL,0,NULL,14,171,172),(87,NULL,0,NULL,15,173,174),(88,NULL,0,NULL,15,175,176),(89,NULL,0,NULL,15,177,178),(90,70,0,NULL,16,179,180),(91,71,0,NULL,16,181,182),(92,NULL,0,NULL,16,183,184),(93,74,0,NULL,17,185,186),(94,NULL,0,NULL,17,187,188),(95,NULL,0,NULL,17,189,190),(96,78,0,NULL,18,191,192),(97,79,0,NULL,18,193,194),(98,79,0,NULL,18,195,196),(99,82,0,NULL,19,197,198),(100,83,0,NULL,19,199,200),(101,83,0,NULL,19,201,202),(102,9,0,NULL,20,203,204),(103,11,0,NULL,20,205,206),(104,9,0,NULL,20,207,208),(105,NULL,1,NULL,23,209,210),(108,96,1,NULL,23,215,216),(109,96,0,NULL,23,217,218),(111,NULL,0,NULL,24,221,222),(112,NULL,1,NULL,24,223,224),(113,14,1,NULL,24,225,226),(117,106,0,NULL,25,233,234),(118,107,0,NULL,25,235,236),(119,107,0,NULL,25,237,238),(120,17,0,NULL,26,239,240),(121,19,0,NULL,26,241,242),(122,17,0,NULL,26,243,244),(123,118,0,NULL,28,245,246),(124,120,0,NULL,29,247,248),(125,122,0,NULL,29,249,250),(126,120,0,NULL,29,251,252),(127,NULL,0,NULL,30,253,254),(128,NULL,1,NULL,33,255,256),(131,133,1,NULL,33,261,262),(132,133,0,NULL,33,263,264),(134,NULL,0,NULL,34,267,268),(135,NULL,1,NULL,34,269,270),(136,23,1,NULL,34,271,272),(140,143,0,NULL,35,279,280),(141,144,0,NULL,35,281,282),(142,144,0,NULL,35,283,284),(143,26,0,NULL,36,285,286),(144,28,0,NULL,36,287,288),(145,26,0,NULL,36,289,290),(146,NULL,0,NULL,38,291,292),(147,157,0,NULL,39,293,294),(148,159,0,NULL,39,295,296),(149,159,0,NULL,39,297,298);
/*!40000 ALTER TABLE `contest` ENABLE KEYS */;
UNLOCK TABLES;

--
-- Table structure for table `double_contest`
--

DROP TABLE IF EXISTS `double_contest`;
/*!40101 SET @saved_cs_client     = @@character_set_client */;
 SET character_set_client = utf8mb4 ;
CREATE TABLE `double_contest` (
  `contest_id` int(11) NOT NULL,
  `team_one_id` int(11) NOT NULL,
  `team_two_id` int(11) NOT NULL,
  PRIMARY KEY (`contest_id`,`team_one_id`,`team_two_id`),
  UNIQUE KEY `contest_id_UNIQUE` (`contest_id`),
  KEY `fk_double_contest_team1_idx` (`team_one_id`),
  KEY `fk_double_contest_team2_idx` (`team_two_id`),
  KEY `fk_double_contest_contest1_idx` (`contest_id`),
  CONSTRAINT `fk_double_contest_contest1` FOREIGN KEY (`contest_id`) REFERENCES `contest` (`id`),
  CONSTRAINT `fk_double_contest_team1` FOREIGN KEY (`team_one_id`) REFERENCES `team` (`id`),
  CONSTRAINT `fk_double_contest_team2` FOREIGN KEY (`team_two_id`) REFERENCES `team` (`id`)
) ENGINE=InnoDB DEFAULT CHARSET=utf8;
/*!40101 SET character_set_client = @saved_cs_client */;

--
-- Dumping data for table `double_contest`
--

LOCK TABLES `double_contest` WRITE;
/*!40000 ALTER TABLE `double_contest` DISABLE KEYS */;
INSERT INTO `double_contest` VALUES (57,2,1),(58,3,1),(59,3,2),(63,6,5),(64,7,5),(65,7,6),(102,9,10),(103,11,12),(111,14,13),(112,15,13),(113,15,14),(120,17,18),(121,19,20),(134,23,22),(135,24,22),(136,24,23),(143,26,27),(144,28,29);
/*!40000 ALTER TABLE `double_contest` ENABLE KEYS */;
UNLOCK TABLES;

--
-- Table structure for table `elimination_contest`
--

DROP TABLE IF EXISTS `elimination_contest`;
/*!40101 SET @saved_cs_client     = @@character_set_client */;
 SET character_set_client = utf8mb4 ;
CREATE TABLE `elimination_contest` (
  `contest_id` int(11) NOT NULL,
  `first_parent_contest_id` int(11) NOT NULL,
  `second_parent_contest_id` int(11) NOT NULL,
  PRIMARY KEY (`contest_id`,`first_parent_contest_id`,`second_parent_contest_id`),
  KEY `fk_elimination_contest_contest2_idx` (`first_parent_contest_id`),
  KEY `fk_elimination_contest_contest3_idx` (`second_parent_contest_id`),
  KEY `fk_elimination_contest_contest1_idx` (`contest_id`),
  CONSTRAINT `fk_elimination_contest_contest1` FOREIGN KEY (`contest_id`) REFERENCES `contest` (`id`),
  CONSTRAINT `fk_elimination_contest_contest2` FOREIGN KEY (`first_parent_contest_id`) REFERENCES `contest` (`id`),
  CONSTRAINT `fk_elimination_contest_contest3` FOREIGN KEY (`second_parent_contest_id`) REFERENCES `contest` (`id`)
) ENGINE=InnoDB DEFAULT CHARSET=utf8;
/*!40101 SET character_set_client = @saved_cs_client */;

--
-- Dumping data for table `elimination_contest`
--

LOCK TABLES `elimination_contest` WRITE;
/*!40000 ALTER TABLE `elimination_contest` DISABLE KEYS */;
INSERT INTO `elimination_contest` VALUES (83,81,82),(86,84,85),(89,87,88),(92,90,91),(95,93,94),(98,96,97),(101,99,100),(104,102,103),(119,117,118),(122,120,121),(126,124,125),(142,140,141),(145,143,144),(149,147,148);
/*!40000 ALTER TABLE `elimination_contest` ENABLE KEYS */;
UNLOCK TABLES;

--
-- Table structure for table `player`
--

DROP TABLE IF EXISTS `player`;
/*!40101 SET @saved_cs_client     = @@character_set_client */;
 SET character_set_client = utf8mb4 ;
CREATE TABLE `player` (
  `id` int(11) NOT NULL AUTO_INCREMENT,
  `first_name` varchar(45) COLLATE utf8_unicode_ci NOT NULL,
  `last_name` varchar(45) COLLATE utf8_unicode_ci NOT NULL,
  `birth_date` date DEFAULT NULL,
  `experience_year` int(11) DEFAULT NULL,
  `leading_hand` enum('LEFT','RIGHT') COLLATE utf8_unicode_ci DEFAULT NULL,
  PRIMARY KEY (`id`)
) ENGINE=InnoDB AUTO_INCREMENT=160 DEFAULT CHARSET=utf8 COLLATE=utf8_unicode_ci;
/*!40101 SET character_set_client = @saved_cs_client */;

--
-- Dumping data for table `player`
--

LOCK TABLES `player` WRITE;
/*!40000 ALTER TABLE `player` DISABLE KEYS */;
INSERT INTO `player` VALUES (1,'PostTest1-1671297359','PostTest1-1671297359','1999-03-17',2009,'RIGHT'),(2,'PostTest2-1671297360','PostTest2-1671297360','1999-03-17',2009,'RIGHT'),(3,'PostTest3-1671297360','PostTest3-1671297360','1999-03-17',2009,'RIGHT'),(4,'PostTest4-1671297360','PostTest4-1671297360','1999-03-17',2009,'RIGHT'),(5,'PostTest1-1671297609','PostTest1-1671297609','1999-03-17',2009,'RIGHT'),(6,'PostTest2-1671297612','PostTest2-1671297612','1999-03-17',2009,'RIGHT'),(7,'PostTest3-1671297614','PostTest3-1671297614','1999-03-17',2009,'RIGHT'),(8,'PostTest4-1671297617','PostTest4-1671297617','1999-03-17',2009,'RIGHT'),(9,'PostTest1-1671311112','PostTest1-1671311112','1999-03-17',2009,'RIGHT'),(10,'PostTest2-1671311112','PostTest2-1671311112','1999-03-17',2009,'RIGHT'),(11,'PostTest3-1671311113','PostTest3-1671311113','1999-03-17',2009,'RIGHT'),(12,'PostTest4-1671311113','PostTest4-1671311113','1999-03-17',2009,'RIGHT'),(13,'PostTest1-1671311179','PostTest1-1671311179','1999-03-17',2009,'RIGHT'),(14,'PostTest2-1671311179','PostTest2-1671311179','1999-03-17',2009,'RIGHT'),(15,'PostTest3-1671311180','PostTest3-1671311180','1999-03-17',2009,'RIGHT'),(16,'PostTest4-1671311180','PostTest4-1671311180','1999-03-17',2009,'RIGHT'),(17,'PostTest1-1671391294','PostTest1-1671391294','1999-03-17',2009,'RIGHT'),(18,'PostTest2-1671391295','PostTest2-1671391295','1999-03-17',2009,'RIGHT'),(19,'PostTest3-1671391296','PostTest3-1671391296','1999-03-17',2009,'RIGHT'),(20,'PostTest4-1671391296','PostTest4-1671391296','1999-03-17',2009,'RIGHT'),(21,'PostTest1-1671391519','PostTest1-1671391519','1999-03-17',2009,'RIGHT'),(22,'PostTest2-1671391521','PostTest2-1671391521','1999-03-17',2009,'RIGHT'),(23,'PostTest3-1671391521','PostTest3-1671391521','1999-03-17',2009,'RIGHT'),(24,'PostTest4-1671391522','PostTest4-1671391522','1999-03-17',2009,'RIGHT'),(25,'PostTest1-1671392009','PostTest1-1671392009','1999-03-17',2009,'RIGHT'),(26,'PostTest2-1671392010','PostTest2-1671392010','1999-03-17',2009,'RIGHT'),(27,'PostTest3-1671392010','PostTest3-1671392010','1999-03-17',2009,'RIGHT'),(28,'PostTest4-1671392011','PostTest4-1671392011','1999-03-17',2009,'RIGHT'),(29,'PostTest1-1671393560','PostTest1-1671393560','1999-03-17',2009,'RIGHT'),(30,'PostTest2-1671393561','PostTest2-1671393561','1999-03-17',2009,'RIGHT'),(31,'PostTest3-1671393562','PostTest3-1671393562','1999-03-17',2009,'RIGHT'),(32,'PostTest4-1671393562','PostTest4-1671393562','1999-03-17',2009,'RIGHT'),(33,'PostTest1-1671395418','PostTest1-1671395418','1999-03-17',2009,'RIGHT'),(34,'PostTest2-1671395419','PostTest2-1671395419','1999-03-17',2009,'RIGHT'),(35,'PostTest3-1671395420','PostTest3-1671395420','1999-03-17',2009,'RIGHT'),(36,'PostTest4-1671395420','PostTest4-1671395420','1999-03-17',2009,'RIGHT'),(37,'PostTest1-1671395681','PostTest1-1671395681','1999-03-17',2009,'RIGHT'),(38,'PostTest2-1671395681','PostTest2-1671395681','1999-03-17',2009,'RIGHT'),(39,'PostTest3-1671395682','PostTest3-1671395682','1999-03-17',2009,'RIGHT'),(40,'PostTest4-1671395682','PostTest4-1671395682','1999-03-17',2009,'RIGHT'),(41,'PostTest5-1671395683','PostTest5-1671395683','1999-03-17',2009,'RIGHT'),(42,'PostTest6-1671395683','PostTest6-1671395683','1999-03-17',2009,'RIGHT'),(43,'PostTest7-1671395684','PostTest7-1671395684','1999-03-17',2009,'RIGHT'),(44,'PostTest8-1671395685','PostTest8-1671395685','1999-03-17',2009,'RIGHT'),(45,'PostTest1-1671396376','PostTest1-1671396376','1999-03-17',2009,'RIGHT'),(46,'PostTest2-1671396376','PostTest2-1671396376','1999-03-17',2009,'RIGHT'),(47,'PostTest3-1671396377','PostTest3-1671396377','1999-03-17',2009,'RIGHT'),(48,'PostTest4-1671396377','PostTest4-1671396377','1999-03-17',2009,'RIGHT'),(49,'PostTest5-1671396378','PostTest5-1671396378','1999-03-17',2009,'RIGHT'),(50,'PostTest6-1671396379','PostTest6-1671396379','1999-03-17',2009,'RIGHT'),(51,'PostTest7-1671396379','PostTest7-1671396379','1999-03-17',2009,'RIGHT'),(52,'PostTest8-1671396380','PostTest8-1671396380','1999-03-17',2009,'RIGHT'),(53,'PostTest1-1671396538','PostTest1-1671396538','1999-03-17',2009,'RIGHT'),(54,'PostTest2-1671396539','PostTest2-1671396539','1999-03-17',2009,'RIGHT'),(55,'PostTest3-1671396539','PostTest3-1671396539','1999-03-17',2009,'RIGHT'),(56,'PostTest4-1671396540','PostTest4-1671396540','1999-03-17',2009,'RIGHT'),(57,'PostTest1-1671396580','PostTest1-1671396580','1999-03-17',2009,'RIGHT'),(58,'PostTest2-1671396580','PostTest2-1671396580','1999-03-17',2009,'RIGHT'),(59,'PostTest3-1671396581','PostTest3-1671396581','1999-03-17',2009,'RIGHT'),(60,'PostTest4-1671396581','PostTest4-1671396581','1999-03-17',2009,'RIGHT'),(61,'PostTest1-1671397183','PostTest1-1671397183','1999-03-17',2009,'RIGHT'),(62,'PostTest2-1671397184','PostTest2-1671397184','1999-03-17',2009,'RIGHT'),(63,'PostTest3-1671397184','PostTest3-1671397184','1999-03-17',2009,'RIGHT'),(64,'PostTest4-1671397185','PostTest4-1671397185','1999-03-17',2009,'RIGHT'),(65,'PostTest1-1671402174','PostTest1-1671402174','1999-03-17',2009,'RIGHT'),(66,'PostTest2-1671402174','PostTest2-1671402174','1999-03-17',2009,'RIGHT'),(67,'PostTest3-1671402175','PostTest3-1671402175','1999-03-17',2009,'RIGHT'),(68,'PostTest4-1671402175','PostTest4-1671402175','1999-03-17',2009,'RIGHT'),(69,'PostTest1-1671402485','PostTest1-1671402485','1999-03-17',2009,'RIGHT'),(70,'PostTest2-1671402487','PostTest2-1671402487','1999-03-17',2009,'RIGHT'),(71,'PostTest3-1671402487','PostTest3-1671402487','1999-03-17',2009,'RIGHT'),(72,'PostTest4-1671402488','PostTest4-1671402488','1999-03-17',2009,'RIGHT'),(73,'PostTest1-1671402575','PostTest1-1671402575','1999-03-17',2009,'RIGHT'),(74,'PostTest2-1671402578','PostTest2-1671402578','1999-03-17',2009,'RIGHT'),(75,'PostTest3-1671402580','PostTest3-1671402580','1999-03-17',2009,'RIGHT'),(76,'PostTest4-1671402584','PostTest4-1671402584','1999-03-17',2009,'RIGHT'),(77,'PostTest1-1671402851','PostTest1-1671402851','1999-03-17',2009,'RIGHT'),(78,'PostTest2-1671402852','PostTest2-1671402852','1999-03-17',2009,'RIGHT'),(79,'PostTest3-1671402853','PostTest3-1671402853','1999-03-17',2009,'RIGHT'),(80,'PostTest4-1671402854','PostTest4-1671402854','1999-03-17',2009,'RIGHT'),(81,'PostTest1-1671403115','PostTest1-1671403115','1999-03-17',2009,'RIGHT'),(82,'PostTest2-1671403116','PostTest2-1671403116','1999-03-17',2009,'RIGHT'),(83,'PostTest3-1671403117','PostTest3-1671403117','1999-03-17',2009,'RIGHT'),(84,'PostTest4-1671403117','PostTest4-1671403117','1999-03-17',2009,'RIGHT'),(85,'PostTest1-1671403137','PostTest1-1671403137','1999-03-17',2009,'RIGHT'),(86,'PostTest2-1671403137','PostTest2-1671403137','1999-03-17',2009,'RIGHT'),(87,'PostTest3-1671403138','PostTest3-1671403138','1999-03-17',2009,'RIGHT'),(88,'PostTest4-1671403138','PostTest4-1671403138','1999-03-17',2009,'RIGHT'),(89,'PostTest5-1671403139','PostTest5-1671403139','1999-03-17',2009,'RIGHT'),(90,'PostTest6-1671403139','PostTest6-1671403139','1999-03-17',2009,'RIGHT'),(91,'PostTest7-1671403140','PostTest7-1671403140','1999-03-17',2009,'RIGHT'),(92,'PostTest8-1671403140','PostTest8-1671403140','1999-03-17',2009,'RIGHT'),(93,'PostTest1-1671403179','PostTest1-1671403179','1999-03-17',2009,'RIGHT'),(94,'PostTest2-1671403179','PostTest2-1671403179','1999-03-17',2009,'RIGHT'),(95,'PostTest3-1671403180','PostTest3-1671403180','1999-03-17',2009,'RIGHT'),(96,'PostTest4-1671403181','PostTest4-1671403181','1999-03-17',2009,'RIGHT'),(97,'PostTest1-1671403201','PostTest1-1671403201','1999-03-17',2009,'RIGHT'),(98,'PostTest2-1671403201','PostTest2-1671403201','1999-03-17',2009,'RIGHT'),(99,'PostTest3-1671403202','PostTest3-1671403202','1999-03-17',2009,'RIGHT'),(100,'PostTest4-1671403203','PostTest4-1671403203','1999-03-17',2009,'RIGHT'),(101,'PostTest5-1671403203','PostTest5-1671403203','1999-03-17',2009,'RIGHT'),(102,'PostTest6-1671403204','PostTest6-1671403204','1999-03-17',2009,'RIGHT'),(103,'PostTest7-1671403204','PostTest7-1671403204','1999-03-17',2009,'RIGHT'),(104,'PostTest8-1671403205','PostTest8-1671403205','1999-03-17',2009,'RIGHT'),(105,'PostTest1-1671403231','PostTest1-1671403231','1999-03-17',2009,'RIGHT'),(106,'PostTest2-1671403232','PostTest2-1671403232','1999-03-17',2009,'RIGHT'),(107,'PostTest3-1671403232','PostTest3-1671403232','1999-03-17',2009,'RIGHT'),(108,'PostTest4-1671403233','PostTest4-1671403233','1999-03-17',2009,'RIGHT'),(109,'PostTest1-1671403247','PostTest1-1671403247','1999-03-17',2009,'RIGHT'),(110,'PostTest2-1671403247','PostTest2-1671403247','1999-03-17',2009,'RIGHT'),(111,'PostTest3-1671403248','PostTest3-1671403248','1999-03-17',2009,'RIGHT'),(112,'PostTest4-1671403248','PostTest4-1671403248','1999-03-17',2009,'RIGHT'),(113,'PostTest5-1671403249','PostTest5-1671403249','1999-03-17',2009,'RIGHT'),(114,'PostTest6-1671403250','PostTest6-1671403250','1999-03-17',2009,'RIGHT'),(115,'PostTest7-1671403250','PostTest7-1671403250','1999-03-17',2009,'RIGHT'),(116,'PostTest8-1671403251','PostTest8-1671403251','1999-03-17',2009,'RIGHT'),(117,'PostTest1-1671403276','PostTest1-1671403276','1999-03-17',2009,'RIGHT'),(118,'PostTest2-1671403276','PostTest2-1671403276','1999-03-17',2009,'RIGHT'),(119,'PostTest1-1671403284','PostTest1-1671403284','1999-03-17',2009,'RIGHT'),(120,'PostTest2-1671403285','PostTest2-1671403285','1999-03-17',2009,'RIGHT'),(121,'PostTest3-1671403285','PostTest3-1671403285','1999-03-17',2009,'RIGHT'),(122,'PostTest4-1671403286','PostTest4-1671403286','1999-03-17',2009,'RIGHT'),(123,'PostTest1-1671403624','PostTest1-1671403624','1999-03-17',2009,'RIGHT'),(124,'PostTest2-1671403624','PostTest2-1671403624','1999-03-17',2009,'RIGHT'),(125,'PatchTest-1671403660','PatchTest-1671403660','1989-03-17',1999,'LEFT'),(126,'PostTest1-1671403667','PostTest1-1671403667','1999-03-17',2009,'RIGHT'),(127,'PostTest2-1671403667','PostTest2-1671403667','1999-03-17',2009,'RIGHT'),(128,'PostTest1-1671403669','PostTest1-1671403669','1999-03-17',2009,'RIGHT'),(129,'PostTest2-1671403669','PostTest2-1671403669','1999-03-17',2009,'RIGHT'),(130,'PostTest1-1671403687','PostTest1-1671403687','1999-03-17',2009,'RIGHT'),(131,'PostTest2-1671403687','PostTest2-1671403687','1999-03-17',2009,'RIGHT'),(132,'PostTest3-1671403688','PostTest3-1671403688','1999-03-17',2009,'RIGHT'),(133,'PostTest4-1671403689','PostTest4-1671403689','1999-03-17',2009,'RIGHT'),(134,'PostTest1-1671403708','PostTest1-1671403708','1999-03-17',2009,'RIGHT'),(135,'PostTest2-1671403708','PostTest2-1671403708','1999-03-17',2009,'RIGHT'),(136,'PostTest3-1671403709','PostTest3-1671403709','1999-03-17',2009,'RIGHT'),(137,'PostTest4-1671403709','PostTest4-1671403709','1999-03-17',2009,'RIGHT'),(138,'PostTest5-1671403710','PostTest5-1671403710','1999-03-17',2009,'RIGHT'),(139,'PostTest6-1671403711','PostTest6-1671403711','1999-03-17',2009,'RIGHT'),(140,'PostTest7-1671403711','PostTest7-1671403711','1999-03-17',2009,'RIGHT'),(141,'PostTest8-1671403712','PostTest8-1671403712','1999-03-17',2009,'RIGHT'),(142,'PostTest1-1671403739','PostTest1-1671403739','1999-03-17',2009,'RIGHT'),(143,'PostTest2-1671403739','PostTest2-1671403739','1999-03-17',2009,'RIGHT'),(144,'PostTest3-1671403740','PostTest3-1671403740','1999-03-17',2009,'RIGHT'),(145,'PostTest4-1671403741','PostTest4-1671403741','1999-03-17',2009,'RIGHT'),(146,'PostTest1-1671403755','PostTest1-1671403755','1999-03-17',2009,'RIGHT'),(147,'PostTest2-1671403756','PostTest2-1671403756','1999-03-17',2009,'RIGHT'),(148,'PostTest3-1671403756','PostTest3-1671403756','1999-03-17',2009,'RIGHT'),(149,'PostTest4-1671403757','PostTest4-1671403757','1999-03-17',2009,'RIGHT'),(150,'PostTest5-1671403757','PostTest5-1671403757','1999-03-17',2009,'RIGHT'),(151,'PostTest6-1671403758','PostTest6-1671403758','1999-03-17',2009,'RIGHT'),(152,'PostTest7-1671403759','PostTest7-1671403759','1999-03-17',2009,'RIGHT'),(153,'PostTest8-1671403759','PostTest8-1671403759','1999-03-17',2009,'RIGHT'),(154,'PostTest1-1671403785','PostTest1-1671403785','1999-03-17',2009,'RIGHT'),(155,'PostTest2-1671403786','PostTest2-1671403786','1999-03-17',2009,'RIGHT'),(156,'PostTest1-1671403792','PostTest1-1671403792','1999-03-17',2009,'RIGHT'),(157,'PostTest2-1671403793','PostTest2-1671403793','1999-03-17',2009,'RIGHT'),(158,'PostTest3-1671403794','PostTest3-1671403794','1999-03-17',2009,'RIGHT'),(159,'PostTest4-1671403794','PostTest4-1671403794','1999-03-17',2009,'RIGHT');
/*!40000 ALTER TABLE `player` ENABLE KEYS */;
UNLOCK TABLES;

--
-- Table structure for table `score`
--

DROP TABLE IF EXISTS `score`;
/*!40101 SET @saved_cs_client     = @@character_set_client */;
 SET character_set_client = utf8mb4 ;
CREATE TABLE `score` (
  `id` int(11) NOT NULL AUTO_INCREMENT,
  `set_one` tinyint(4) DEFAULT NULL,
  `set_two` tinyint(4) DEFAULT NULL,
  `set_three` tinyint(4) DEFAULT NULL,
  `tie_break` tinyint(4) DEFAULT NULL,
  `tech_defeat` tinyint(4) NOT NULL DEFAULT '0',
  PRIMARY KEY (`id`)
) ENGINE=InnoDB AUTO_INCREMENT=299 DEFAULT CHARSET=utf8;
/*!40101 SET character_set_client = @saved_cs_client */;

--
-- Dumping data for table `score`
--

LOCK TABLES `score` WRITE;
/*!40000 ALTER TABLE `score` DISABLE KEYS */;
INSERT INTO `score` VALUES (1,0,0,0,0,0),(2,0,0,0,0,0),(7,0,0,0,0,0),(8,0,0,0,0,0),(9,0,0,0,0,0),(10,0,0,0,0,0),(13,4,0,0,0,1),(14,4,0,0,0,0),(15,0,0,0,0,0),(16,0,0,0,0,0),(17,1,6,1,0,0),(18,1,6,1,0,0),(19,0,0,0,0,0),(20,0,0,0,0,0),(21,0,0,0,0,0),(22,0,0,0,0,0),(23,0,0,0,0,0),(24,0,0,0,0,0),(25,4,0,0,0,1),(26,4,0,0,0,0),(31,5,6,0,6,0),(32,5,6,0,6,0),(33,4,1,0,0,0),(34,4,1,0,0,0),(37,4,0,0,0,1),(38,4,0,0,0,0),(39,0,0,0,0,0),(40,0,0,0,0,0),(41,1,6,1,0,0),(42,6,1,6,0,0),(43,5,6,0,6,0),(44,7,1,0,3,0),(45,6,1,7,0,0),(46,4,6,5,0,0),(47,0,0,0,0,0),(48,0,0,0,0,0),(49,4,0,0,0,1),(50,4,0,0,0,1),(51,0,0,0,0,0),(52,0,0,0,0,1),(53,1,6,1,0,0),(54,6,1,6,0,0),(55,5,6,0,6,0),(56,7,1,0,3,1),(57,6,1,7,0,0),(58,4,6,5,0,0),(59,0,0,0,0,0),(60,0,0,0,0,0),(61,4,0,0,0,1),(62,4,0,0,0,1),(63,0,0,0,0,0),(64,0,0,0,0,1),(65,1,6,1,0,0),(66,6,1,6,0,0),(67,5,6,0,6,0),(68,7,1,0,3,1),(69,6,1,7,0,0),(70,4,6,5,0,0),(71,0,0,0,0,0),(72,0,0,0,0,0),(73,4,0,0,0,1),(74,4,0,0,0,1),(75,0,0,0,0,0),(76,0,0,0,0,1),(77,1,6,1,0,0),(78,6,1,6,0,0),(79,5,6,0,6,0),(80,7,1,0,3,1),(81,6,1,7,0,0),(82,4,6,5,0,0),(83,0,0,0,0,0),(84,0,0,0,0,0),(85,4,0,0,0,1),(86,4,0,0,0,1),(91,5,6,0,6,0),(92,7,1,0,3,1),(93,6,1,7,0,0),(94,4,6,5,0,0),(101,4,0,0,0,1),(102,4,0,0,0,1),(107,5,6,0,6,0),(108,7,1,0,3,1),(109,6,1,7,0,0),(110,4,6,5,0,0),(113,0,0,0,0,0),(114,0,0,0,0,0),(115,0,0,0,0,1),(116,0,0,0,0,1),(117,0,0,0,0,1),(118,0,0,0,0,0),(125,0,0,0,0,0),(126,0,0,0,0,0),(127,0,0,0,0,1),(128,0,0,0,0,1),(129,0,0,0,0,1),(130,0,0,0,0,0),(161,0,0,0,0,0),(162,0,0,0,0,0),(163,0,0,0,0,0),(164,0,0,0,0,0),(165,0,0,0,0,0),(166,0,0,0,0,0),(167,0,0,0,0,0),(168,0,0,0,0,0),(169,0,0,0,0,0),(170,0,0,0,0,0),(171,0,0,0,0,0),(172,0,0,0,0,0),(173,0,0,0,0,0),(174,0,0,0,0,0),(175,0,0,0,0,0),(176,0,0,0,0,0),(177,0,0,0,0,0),(178,0,0,0,0,0),(179,1,6,1,5,0),(180,6,1,6,6,0),(181,7,6,5,0,0),(182,5,1,7,0,0),(183,0,0,0,0,0),(184,0,0,0,0,0),(185,1,6,1,5,0),(186,6,1,6,6,0),(187,0,0,0,0,0),(188,0,0,0,0,0),(189,0,0,0,0,0),(190,0,0,0,0,0),(191,1,6,1,5,0),(192,6,1,6,6,0),(193,7,6,5,0,0),(194,5,1,7,0,0),(195,4,0,0,0,1),(196,4,0,0,0,0),(197,1,6,1,5,0),(198,6,1,6,6,0),(199,7,6,5,0,0),(200,5,1,7,0,0),(201,4,0,0,0,1),(202,4,0,0,0,0),(203,0,0,0,0,0),(204,0,0,0,0,1),(205,7,6,5,0,0),(206,5,1,7,0,0),(207,6,3,7,6,0),(208,4,6,5,0,0),(209,4,0,0,0,1),(210,4,0,0,0,1),(215,5,6,0,6,0),(216,7,1,0,3,1),(217,6,1,7,0,0),(218,4,6,5,0,0),(221,0,0,0,0,0),(222,0,0,0,0,0),(223,0,0,0,0,1),(224,0,0,0,0,1),(225,0,0,0,0,1),(226,0,0,0,0,0),(233,1,6,1,5,0),(234,6,1,6,6,0),(235,7,6,5,0,0),(236,5,1,7,0,0),(237,4,0,0,0,1),(238,4,0,0,0,0),(239,0,0,0,0,0),(240,0,0,0,0,1),(241,7,6,5,0,0),(242,5,1,7,0,0),(243,6,3,7,6,0),(244,4,6,5,0,0),(245,6,6,6,6,0),(246,1,1,1,1,0),(247,1,6,1,5,0),(248,6,1,6,6,0),(249,1,6,1,5,0),(250,6,1,6,6,0),(251,1,6,6,6,0),(252,6,1,1,1,0),(253,0,0,0,0,0),(254,0,0,0,0,0),(255,4,0,0,0,1),(256,4,0,0,0,1),(261,5,6,0,6,0),(262,7,1,0,3,1),(263,6,1,7,0,0),(264,4,6,5,0,0),(267,0,0,0,0,0),(268,0,0,0,0,0),(269,0,0,0,0,1),(270,0,0,0,0,1),(271,0,0,0,0,1),(272,0,0,0,0,0),(279,1,6,1,5,0),(280,6,1,6,6,0),(281,7,6,5,0,0),(282,5,1,7,0,0),(283,4,0,0,0,1),(284,4,0,0,0,0),(285,0,0,0,0,0),(286,0,0,0,0,1),(287,7,6,5,0,0),(288,5,1,7,0,0),(289,6,3,7,6,0),(290,4,6,5,0,0),(291,0,0,0,0,0),(292,0,0,0,0,0),(293,1,6,1,5,0),(294,6,1,6,6,0),(295,1,6,1,5,0),(296,6,1,6,6,0),(297,1,6,1,5,0),(298,6,1,6,6,0);
/*!40000 ALTER TABLE `score` ENABLE KEYS */;
UNLOCK TABLES;

--
-- Table structure for table `set_score`
--

DROP TABLE IF EXISTS `set_score`;
/*!40101 SET @saved_cs_client     = @@character_set_client */;
 SET character_set_client = utf8mb4 ;
CREATE TABLE `set_score` (
  `id` int(11) NOT NULL AUTO_INCREMENT,
  `set_type` enum('SET_ONE','SET_TWO','SET_THREE','TIE_BREAK') NOT NULL,
  `participant_one` tinyint(4) DEFAULT NULL,
  `participant_two` tinyint(4) DEFAULT NULL,
  PRIMARY KEY (`id`)
) ENGINE=InnoDB AUTO_INCREMENT=193 DEFAULT CHARSET=utf8;
/*!40101 SET character_set_client = @saved_cs_client */;

--
-- Dumping data for table `set_score`
--

LOCK TABLES `set_score` WRITE;
/*!40000 ALTER TABLE `set_score` DISABLE KEYS */;
INSERT INTO `set_score` VALUES (1,'SET_ONE',4,4),(2,'SET_TWO',0,0),(3,'SET_THREE',0,0),(4,'TIE_BREAK',0,0),(13,'SET_ONE',5,7),(14,'SET_TWO',6,1),(15,'SET_THREE',0,0),(16,'TIE_BREAK',6,3),(17,'SET_ONE',6,4),(18,'SET_TWO',1,6),(19,'SET_THREE',7,5),(20,'TIE_BREAK',0,0),(25,'SET_ONE',4,4),(26,'SET_TWO',0,0),(27,'SET_THREE',0,0),(28,'TIE_BREAK',0,0),(29,'SET_ONE',0,0),(30,'SET_TWO',0,0),(31,'SET_THREE',0,0),(32,'TIE_BREAK',0,0),(33,'SET_ONE',0,0),(34,'SET_TWO',0,0),(35,'SET_THREE',0,0),(36,'TIE_BREAK',0,0),(37,'SET_ONE',0,0),(38,'SET_TWO',0,0),(39,'SET_THREE',0,0),(40,'TIE_BREAK',0,0),(41,'SET_ONE',0,0),(42,'SET_TWO',0,0),(43,'SET_THREE',0,0),(44,'TIE_BREAK',0,0),(45,'SET_ONE',0,0),(46,'SET_TWO',0,0),(47,'SET_THREE',0,0),(48,'TIE_BREAK',0,0),(49,'SET_ONE',0,0),(50,'SET_TWO',0,0),(51,'SET_THREE',0,0),(52,'TIE_BREAK',0,0),(61,'SET_ONE',0,0),(62,'SET_TWO',0,0),(63,'SET_THREE',0,0),(64,'TIE_BREAK',0,0),(65,'SET_ONE',0,0),(66,'SET_TWO',0,0),(67,'SET_THREE',0,0),(68,'TIE_BREAK',0,0),(73,'SET_ONE',0,0),(74,'SET_TWO',0,0),(75,'SET_THREE',0,0),(76,'TIE_BREAK',0,0),(77,'SET_ONE',0,0),(78,'SET_TWO',0,0),(79,'SET_THREE',0,0),(80,'TIE_BREAK',0,0),(81,'SET_ONE',0,0),(82,'SET_TWO',0,0),(83,'SET_THREE',0,0),(84,'TIE_BREAK',0,0),(85,'SET_ONE',0,0),(86,'SET_TWO',0,0),(87,'SET_THREE',0,0),(88,'TIE_BREAK',0,0),(89,'SET_ONE',0,0),(90,'SET_TWO',0,0),(91,'SET_THREE',0,0),(92,'TIE_BREAK',0,0),(93,'SET_ONE',0,0),(94,'SET_TWO',0,0),(95,'SET_THREE',0,0),(96,'TIE_BREAK',0,0),(97,'SET_ONE',0,0),(98,'SET_TWO',0,0),(99,'SET_THREE',0,0),(100,'TIE_BREAK',0,0),(101,'SET_ONE',0,0),(102,'SET_TWO',0,0),(103,'SET_THREE',0,0),(104,'TIE_BREAK',0,0),(105,'SET_ONE',0,0),(106,'SET_TWO',0,0),(107,'SET_THREE',0,0),(108,'TIE_BREAK',0,0),(109,'SET_ONE',0,0),(110,'SET_TWO',0,0),(111,'SET_THREE',0,0),(112,'TIE_BREAK',0,0),(113,'SET_ONE',0,0),(114,'SET_TWO',0,0),(115,'SET_THREE',0,0),(116,'TIE_BREAK',0,0),(117,'SET_ONE',0,0),(118,'SET_TWO',0,0),(119,'SET_THREE',0,0),(120,'TIE_BREAK',0,0),(121,'SET_ONE',0,0),(122,'SET_TWO',0,0),(123,'SET_THREE',0,0),(124,'TIE_BREAK',0,0),(125,'SET_ONE',0,0),(126,'SET_TWO',0,0),(127,'SET_THREE',0,0),(128,'TIE_BREAK',0,0),(129,'SET_ONE',0,0),(130,'SET_TWO',0,0),(131,'SET_THREE',0,0),(132,'TIE_BREAK',0,0),(133,'SET_ONE',0,0),(134,'SET_TWO',0,0),(135,'SET_THREE',0,0),(136,'TIE_BREAK',0,0),(137,'SET_ONE',0,0),(138,'SET_TWO',0,0),(139,'SET_THREE',0,0),(140,'TIE_BREAK',0,0),(141,'SET_ONE',0,0),(142,'SET_TWO',0,0),(143,'SET_THREE',0,0),(144,'TIE_BREAK',0,0),(145,'SET_ONE',0,0),(146,'SET_TWO',0,0),(147,'SET_THREE',0,0),(148,'TIE_BREAK',0,0),(149,'SET_ONE',0,0),(150,'SET_TWO',0,0),(151,'SET_THREE',0,0),(152,'TIE_BREAK',0,0),(153,'SET_ONE',0,0),(154,'SET_TWO',0,0),(155,'SET_THREE',0,0),(156,'TIE_BREAK',0,0),(157,'SET_ONE',0,0),(158,'SET_TWO',0,0),(159,'SET_THREE',0,0),(160,'TIE_BREAK',0,0),(161,'SET_ONE',0,0),(162,'SET_TWO',0,0),(163,'SET_THREE',0,0),(164,'TIE_BREAK',0,0),(165,'SET_ONE',0,0),(166,'SET_TWO',0,0),(167,'SET_THREE',0,0),(168,'TIE_BREAK',0,0),(169,'SET_ONE',0,0),(170,'SET_TWO',0,0),(171,'SET_THREE',0,0),(172,'TIE_BREAK',0,0),(173,'SET_ONE',0,0),(174,'SET_TWO',0,0),(175,'SET_THREE',0,0),(176,'TIE_BREAK',0,0),(177,'SET_ONE',0,0),(178,'SET_TWO',0,0),(179,'SET_THREE',0,0),(180,'TIE_BREAK',0,0),(181,'SET_ONE',0,0),(182,'SET_TWO',0,0),(183,'SET_THREE',0,0),(184,'TIE_BREAK',0,0),(185,'SET_ONE',0,0),(186,'SET_TWO',0,0),(187,'SET_THREE',0,0),(188,'TIE_BREAK',0,0),(189,'SET_ONE',0,0),(190,'SET_TWO',0,0),(191,'SET_THREE',0,0),(192,'TIE_BREAK',0,0);
/*!40000 ALTER TABLE `set_score` ENABLE KEYS */;
UNLOCK TABLES;

--
-- Table structure for table `single_contest`
--

DROP TABLE IF EXISTS `single_contest`;
/*!40101 SET @saved_cs_client     = @@character_set_client */;
 SET character_set_client = utf8mb4 ;
CREATE TABLE `single_contest` (
  `contest_id` int(11) NOT NULL,
  `player_one_id` int(11) NOT NULL,
  `player_two_id` int(11) NOT NULL,
  PRIMARY KEY (`contest_id`,`player_one_id`,`player_two_id`),
  UNIQUE KEY `contest_id_UNIQUE` (`contest_id`),
  KEY `fk_single_contest_player1_idx` (`player_one_id`),
  KEY `fk_single_contest_player2_idx` (`player_two_id`),
  KEY `fk_single_contest_contest1_idx` (`contest_id`),
  CONSTRAINT `fk_single_contest_contest1` FOREIGN KEY (`contest_id`) REFERENCES `contest` (`id`),
  CONSTRAINT `fk_single_contest_player1` FOREIGN KEY (`player_one_id`) REFERENCES `player` (`id`),
  CONSTRAINT `fk_single_contest_player2` FOREIGN KEY (`player_two_id`) REFERENCES `player` (`id`)
) ENGINE=InnoDB DEFAULT CHARSET=utf8;
/*!40101 SET character_set_client = @saved_cs_client */;

--
-- Dumping data for table `single_contest`
--

LOCK TABLES `single_contest` WRITE;
/*!40000 ALTER TABLE `single_contest` DISABLE KEYS */;
INSERT INTO `single_contest` VALUES (1,2,1),(4,4,1),(5,4,2),(7,6,5),(8,7,5),(9,7,6),(10,8,5),(11,8,6),(12,8,7),(13,10,9),(16,12,9),(17,12,10),(19,14,13),(20,15,13),(21,15,14),(22,16,13),(23,16,14),(24,16,15),(25,18,17),(26,19,17),(27,19,18),(28,20,17),(29,20,18),(30,20,19),(31,22,21),(32,23,21),(33,23,22),(34,24,21),(35,24,22),(36,24,23),(37,26,25),(38,27,25),(39,27,26),(40,28,25),(41,28,26),(42,28,27),(43,30,29),(46,32,29),(47,32,30),(51,34,33),(54,36,33),(55,36,34),(81,57,58),(82,59,60),(84,61,62),(85,63,64),(87,65,66),(88,67,68),(90,69,70),(91,71,72),(93,73,74),(94,75,76),(96,77,78),(97,79,80),(99,81,82),(100,83,84),(105,94,93),(108,96,93),(109,96,94),(117,105,106),(118,107,108),(123,118,117),(124,119,120),(125,121,122),(127,124,123),(128,131,130),(131,133,130),(132,133,131),(140,142,143),(141,144,145),(146,155,154),(147,156,157),(148,158,159);
/*!40000 ALTER TABLE `single_contest` ENABLE KEYS */;
UNLOCK TABLES;

--
-- Table structure for table `team`
--

DROP TABLE IF EXISTS `team`;
/*!40101 SET @saved_cs_client     = @@character_set_client */;
 SET character_set_client = utf8mb4 ;
CREATE TABLE `team` (
  `id` int(11) NOT NULL AUTO_INCREMENT,
  `player_one_id` int(11) NOT NULL,
  `player_two_id` int(11) NOT NULL,
  PRIMARY KEY (`id`,`player_one_id`,`player_two_id`),
  KEY `fk_team_player1_idx` (`player_one_id`),
  KEY `fk_team_player2_idx` (`player_two_id`),
  CONSTRAINT `fk_team_player1` FOREIGN KEY (`player_one_id`) REFERENCES `player` (`id`),
  CONSTRAINT `fk_team_player2` FOREIGN KEY (`player_two_id`) REFERENCES `player` (`id`)
) ENGINE=InnoDB AUTO_INCREMENT=30 DEFAULT CHARSET=utf8;
/*!40101 SET character_set_client = @saved_cs_client */;

--
-- Dumping data for table `team`
--

LOCK TABLES `team` WRITE;
/*!40000 ALTER TABLE `team` DISABLE KEYS */;
INSERT INTO `team` VALUES (1,37,38),(2,39,40),(3,41,42),(4,43,44),(5,45,46),(6,47,48),(7,49,50),(8,51,52),(9,85,86),(10,87,88),(11,89,90),(12,91,92),(13,97,98),(14,99,100),(15,101,102),(16,103,104),(17,109,110),(18,111,112),(19,113,114),(20,115,116),(21,128,129),(22,134,135),(23,136,137),(24,138,139),(25,140,141),(26,146,147),(27,148,149),(28,150,151),(29,152,153);
/*!40000 ALTER TABLE `team` ENABLE KEYS */;
UNLOCK TABLES;

--
-- Table structure for table `tie_break`
--

DROP TABLE IF EXISTS `tie_break`;
/*!40101 SET @saved_cs_client     = @@character_set_client */;
 SET character_set_client = utf8mb4 ;
CREATE TABLE `tie_break` (
  `id` int(11) NOT NULL AUTO_INCREMENT,
  `participant_one` tinyint(4) DEFAULT NULL,
  `participant_two` tinyint(4) DEFAULT NULL,
  `set_score_id` int(11) NOT NULL,
  PRIMARY KEY (`id`,`set_score_id`),
  UNIQUE KEY `set_score_id_UNIQUE` (`set_score_id`),
  KEY `fk_tie_break_set_score1_idx` (`set_score_id`),
  CONSTRAINT `fk_tie_break_set_score1` FOREIGN KEY (`set_score_id`) REFERENCES `set_score` (`id`)
) ENGINE=InnoDB DEFAULT CHARSET=utf8;
/*!40101 SET character_set_client = @saved_cs_client */;

--
-- Dumping data for table `tie_break`
--

LOCK TABLES `tie_break` WRITE;
/*!40000 ALTER TABLE `tie_break` DISABLE KEYS */;
/*!40000 ALTER TABLE `tie_break` ENABLE KEYS */;
UNLOCK TABLES;

--
-- Table structure for table `tournament`
--

DROP TABLE IF EXISTS `tournament`;
/*!40101 SET @saved_cs_client     = @@character_set_client */;
 SET character_set_client = utf8mb4 ;
CREATE TABLE `tournament` (
  `id` int(11) NOT NULL AUTO_INCREMENT,
  `name` varchar(45) COLLATE utf8_unicode_ci NOT NULL,
  `tournament_type` enum('ROUND','ELIMINATION') COLLATE utf8_unicode_ci NOT NULL,
  `participant_type` enum('SINGLE','DOUBLE') COLLATE utf8_unicode_ci NOT NULL,
  `status` enum('PLANNED','IN_PROGRESS','PLAYED') COLLATE utf8_unicode_ci NOT NULL DEFAULT 'PLANNED',
  `beginning_date` date DEFAULT NULL,
  PRIMARY KEY (`id`),
  UNIQUE KEY `name_UNIQUE` (`name`)
) ENGINE=InnoDB AUTO_INCREMENT=40 DEFAULT CHARSET=utf8 COLLATE=utf8_unicode_ci;
/*!40101 SET character_set_client = @saved_cs_client */;

--
-- Dumping data for table `tournament`
--

LOCK TABLES `tournament` WRITE;
/*!40000 ALTER TABLE `tournament` DISABLE KEYS */;
INSERT INTO `tournament` VALUES (1,'PostTest-1671297361','ROUND','SINGLE','IN_PROGRESS','2022-01-01'),(2,'PostTest-1671297625','ROUND','SINGLE','IN_PROGRESS','2022-01-01'),(3,'PostTest-1671311114','ROUND','SINGLE','IN_PROGRESS','2022-01-01'),(4,'PostTest-1671311181','ROUND','SINGLE','IN_PROGRESS','2022-01-01'),(5,'PostTest-1671391297','ROUND','SINGLE','IN_PROGRESS','2022-01-01'),(6,'PostTest-1671391522','ROUND','SINGLE','IN_PROGRESS','2022-01-01'),(7,'PostTest-1671392011','ROUND','SINGLE','IN_PROGRESS','2022-01-01'),(8,'PostTest-1671393563','ROUND','SINGLE','IN_PROGRESS','2022-01-01'),(9,'PostTest-1671395421','ROUND','SINGLE','IN_PROGRESS','2022-01-01'),(10,'PostTest-1671395689','ROUND','DOUBLE','IN_PROGRESS','2022-01-01'),(11,'PostTest-1671396384','ROUND','DOUBLE','IN_PROGRESS','2022-01-01'),(12,'PostTest-1671396540','ELIMINATION','SINGLE','IN_PROGRESS','2022-01-01'),(13,'PostTest-1671396582','ELIMINATION','SINGLE','IN_PROGRESS','2022-01-01'),(14,'PostTest-1671397185','ELIMINATION','SINGLE','IN_PROGRESS','2022-01-01'),(15,'PostTest-1671402176','ELIMINATION','SINGLE','IN_PROGRESS','2022-01-01'),(16,'PostTest-1671402488','ELIMINATION','SINGLE','IN_PROGRESS','2022-01-01'),(17,'PostTest-1671402587','ELIMINATION','SINGLE','IN_PROGRESS','2022-01-01'),(18,'PostTest-1671402854','ELIMINATION','SINGLE','IN_PROGRESS','2022-01-01'),(19,'PostTest-1671403118','ELIMINATION','SINGLE','IN_PROGRESS','2022-01-01'),(20,'PostTest-1671403145','ELIMINATION','DOUBLE','IN_PROGRESS','2022-01-01'),(21,'PostTestPlanned-1671403173','ROUND','SINGLE','PLANNED',NULL),(23,'PostTest-1671403181','ROUND','SINGLE','IN_PROGRESS','2022-01-01'),(24,'PostTest-1671403209','ROUND','DOUBLE','IN_PROGRESS','2022-01-01'),(25,'PostTest-1671403233','ELIMINATION','SINGLE','IN_PROGRESS','2022-01-01'),(26,'PostTest-1671403255','ELIMINATION','DOUBLE','IN_PROGRESS','2022-01-01'),(27,'PostTest-1671403275','ROUND','SINGLE','PLANNED',NULL),(28,'PostTest-1671403277','ROUND','SINGLE','IN_PROGRESS','2022-01-01'),(29,'PostTest-1671403287','ELIMINATION','SINGLE','IN_PROGRESS','2022-01-01'),(30,'PostTest-1671403625','ROUND','SINGLE','IN_PROGRESS','2022-01-01'),(31,'PostTestPlanned-1671403681','ROUND','SINGLE','PLANNED',NULL),(33,'PostTest-1671403689','ROUND','SINGLE','IN_PROGRESS','2022-01-01'),(34,'PostTest-1671403716','ROUND','DOUBLE','IN_PROGRESS','2022-01-01'),(35,'PostTest-1671403741','ELIMINATION','SINGLE','IN_PROGRESS','2022-01-01'),(36,'PostTest-1671403764','ELIMINATION','DOUBLE','IN_PROGRESS','2022-01-01'),(37,'PostTest-1671403784','ROUND','SINGLE','PLANNED',NULL),(38,'PostTest-1671403786','ROUND','SINGLE','IN_PROGRESS','2022-01-01'),(39,'PostTest-1671403795','ELIMINATION','SINGLE','IN_PROGRESS','2022-01-01');
/*!40000 ALTER TABLE `tournament` ENABLE KEYS */;
UNLOCK TABLES;
/*!40103 SET TIME_ZONE=@OLD_TIME_ZONE */;

/*!40101 SET SQL_MODE=@OLD_SQL_MODE */;
/*!40014 SET FOREIGN_KEY_CHECKS=@OLD_FOREIGN_KEY_CHECKS */;
/*!40014 SET UNIQUE_CHECKS=@OLD_UNIQUE_CHECKS */;
/*!40101 SET CHARACTER_SET_CLIENT=@OLD_CHARACTER_SET_CLIENT */;
/*!40101 SET CHARACTER_SET_RESULTS=@OLD_CHARACTER_SET_RESULTS */;
/*!40101 SET COLLATION_CONNECTION=@OLD_COLLATION_CONNECTION */;
/*!40111 SET SQL_NOTES=@OLD_SQL_NOTES */;

-- Dump completed on 2022-12-19  0:52:07
